event_id,event_type,actor_id,actor_login,repo_id,repo_name,created_at,payload_action,_source_file
34834865774,IssueCommentEvent,49699333,dependabot[bot],562090528,routup/routup,2024-01-15 20:30:00+05:30,created,2024-01-15-15.json.gz
34834865852,PushEvent,156305854,inse2233tto,742126429,inse2233tto/Projcts3,2024-01-15 20:30:00+05:30,,2024-01-15-15.json.gz
34834866001,CreateEvent,131382696,gsuitetestuser23,743589611,MetadataGitTesting/F1FKMAJv,2024-01-15 20:30:00+05:30,,2024-01-15-15.json.gz
34834865838,PushEvent,125542784,14shagov,743080887,14shagov/TrinityCore,2024-01-15 20:30:00+05:30,,2024-01-15-15.json.gz
34834865578,PushEvent,156305854,inse2233tto,742126572,inse2233tto/Projcts8,2024-01-15 20:30:00+05:30,,2024-01-15-15.json.gz
34834865984,PullRequestEvent,156685165,keyboardist11,743365127,hamzagic/react-gha,2024-01-15 20:30:00+05:30,reopened,2024-01-15-15.json.gz
34834865832,PushEvent,156306159,ion561sdag,743129585,ion561sdag/Projcts13,2024-01-15 20:30:00+05:30,,2024-01-15-15.json.gz
34834865657,PushEvent,16675675,mkarmark,743589711,static-web-apps-testing-org/swa790150e4c2b6410ea62240d5a2647d5b,2024-01-15 20:30:00+05:30,,2024-01-15-15.json.gz
34834865479,CreateEvent,140599107,prasham04,743589745,prasham04/SImon-game,2024-01-15 20:30:00+05:30,,2024-01-15-15.json.gz
34834865785,CreateEvent,118344674,github-merge-queue[bot],204742393,shortlink-org/shortlink,2024-01-15 20:30:00+05:30,,2024-01-15-15.json.gz
34834865950,PushEvent,156306159,ion561sdag,743129554,ion561sdag/Projcts12,2024-01-15 20:30:00+05:30,,2024-01-15-15.json.gz
34834865726,PushEvent,156305854,inse2233tto,742126368,inse2233tto/Projcts1,2024-01-15 20:30:00+05:30,,2024-01-15-15.json.gz
34834865844,PushEvent,16675675,mkarmark,743589711,static-web-apps-testing-org/swa790150e4c2b6410ea62240d5a2647d5b,2024-01-15 20:30:00+05:30,,2024-01-15-15.json.gz
34834865643,PushEvent,3021279,bfoley13,593751263,aksatlanta-testing/devhub-e2e-artifact-gen,2024-01-15 20:30:00+05:30,,2024-01-15-15.json.gz
34834865803,PushEvent,156306159,ion561sdag,743129696,ion561sdag/Projcts17,2024-01-15 20:30:00+05:30,,2024-01-15-15.json.gz
34834865900,PushEvent,101496678,pnoulis,625962265,pnoulis/agent_factory,2024-01-15 20:30:00+05:30,,2024-01-15-15.json.gz
34834865874,PushEvent,28153,kyledrake,18715057,neocities/neocities,2024-01-15 20:30:00+05:30,,2024-01-15-15.json.gz
34834865924,PullRequestEvent,49699333,dependabot[bot],562090528,routup/routup,2024-01-15 20:30:00+05:30,closed,2024-01-15-15.json.gz
34834865849,PushEvent,124548034,kyungmim,743524760,kyungmim/techit-site-projects,2024-01-15 20:30:00+05:30,,2024-01-15-15.json.gz
34834865682,ForkEvent,96683962,sakethreddy21,743566764,Ruchir-cloud/Multiple-dropdown,2024-01-15 20:30:00+05:30,,2024-01-15-15.json.gz
34834865591,PushEvent,88137537,samarth23-tech23,732578118,samarth23-tech23/Internship23-24,2024-01-15 20:30:00+05:30,,2024-01-15-15.json.gz
34834865490,PushEvent,156306034,oss333ulf,742252389,oss333ulf/Projcts9,2024-01-15 20:30:00+05:30,,2024-01-15-15.json.gz
34834865597,CreateEvent,145032071,srallingsELAM,743589734,srallingsELAM/Aciurgy,2024-01-15 20:30:00+05:30,,2024-01-15-15.json.gz
34834865564,PushEvent,16675675,mkarmark,743589711,static-web-apps-testing-org/swa790150e4c2b6410ea62240d5a2647d5b,2024-01-15 20:30:00+05:30,,2024-01-15-15.json.gz
34834865933,PushEvent,140131247,jwjungwoo,668955028,jwjungwoo/jwjungwoo.github.io,2024-01-15 20:30:00+05:30,,2024-01-15-15.json.gz
34834865898,PullRequestEvent,3021279,bfoley13,593751263,aksatlanta-testing/devhub-e2e-artifact-gen,2024-01-15 20:30:00+05:30,opened,2024-01-15-15.json.gz
34834865907,PushEvent,156305854,inse2233tto,742126455,inse2233tto/Projcts4,2024-01-15 20:30:00+05:30,,2024-01-15-15.json.gz
34834865871,PushEvent,150604097,AdishtJaglan,734263234,AdishtJaglan/FadesAI,2024-01-15 20:30:00+05:30,,2024-01-15-15.json.gz
34834865703,PushEvent,15325388,bommix,661686388,bommix/Bin,2024-01-15 20:30:00+05:30,,2024-01-15-15.json.gz
34834865789,PushEvent,156306869,aiccac,743489510,fadsgxch34/frtns1,2024-01-15 20:30:00+05:30,,2024-01-15-15.json.gz
34834866008,DeleteEvent,59071,tchaikov,122581601,tchaikov/seastar,2024-01-15 20:30:00+05:30,,2024-01-15-15.json.gz
34834865687,PushEvent,39104197,renebec,736226557,renebec/ANPSF2024,2024-01-15 20:30:00+05:30,,2024-01-15-15.json.gz
34834890740,PullRequestReviewCommentEvent,150673423,nc-roisin-oreilly,743475681,erkina308/e-be-nc-news,2024-01-15 20:30:00+05:30,created,2024-01-15-15.json.gz
34834865886,PullRequestEvent,29139614,renovate[bot],204742393,shortlink-org/shortlink,2024-01-15 20:30:00+05:30,closed,2024-01-15-15.json.gz
34834865491,PushEvent,139456269,k-46,682888860,k-46/nand2Tetris-part-1,2024-01-15 20:30:00+05:30,,2024-01-15-15.json.gz
34834865814,PushEvent,155633644,sahraanuur,743555116,sahraanuur/sahraanuur.github.io,2024-01-15 20:30:00+05:30,,2024-01-15-15.json.gz
34834865923,PushEvent,82023416,Hoang-Dung-Le,743397802,Hoang-Dung-Le/FastSAM,2024-01-15 20:30:00+05:30,,2024-01-15-15.json.gz
34834865938,PushEvent,25687724,kubevirt-bot,96095106,kubevirt/project-infra,2024-01-15 20:30:00+05:30,,2024-01-15-15.json.gz
34834865895,PushEvent,156306159,ion561sdag,743129641,ion561sdag/Projcts15,2024-01-15 20:30:00+05:30,,2024-01-15-15.json.gz
34834865645,PushEvent,32066757,storybook-bot,54173593,storybookjs/storybook,2024-01-15 20:30:00+05:30,,2024-01-15-15.json.gz
34834865878,PushEvent,156306159,ion561sdag,743129530,ion561sdag/Projcts11,2024-01-15 20:30:00+05:30,,2024-01-15-15.json.gz
34834865514,PushEvent,156349563,akinotaxe653,743171728,akinotaxe653/f0rtnite-ch3ats,2024-01-15 20:30:00+05:30,,2024-01-15-15.json.gz
34834865764,PullRequestEvent,29139614,renovate[bot],412679955,meabed/swagger-to-typescript-client,2024-01-15 20:30:00+05:30,opened,2024-01-15-15.json.gz
34834865609,PushEvent,150137215,Gianlooca,733928846,Gianlooca/alteramusica,2024-01-15 20:30:00+05:30,,2024-01-15-15.json.gz
34834986599,PullRequestReviewCommentEvent,24651552,mickel8,381987064,jellyfish-dev/membrane_rtc_engine,2024-01-15 20:30:00+05:30,created,2024-01-15-15.json.gz
34834865863,IssueCommentEvent,127780080,ali90500,651998599,radkesvat/ReverseTlsTunnel,2024-01-15 20:30:00+05:30,created,2024-01-15-15.json.gz
34834865595,PushEvent,29139614,renovate[bot],688513829,yuta-nishi/block-enter,2024-01-15 20:30:00+05:30,,2024-01-15-15.json.gz
34834865988,PushEvent,92167642,gitbook-com[bot],718966481,6E3372/6E3372.github.io,2024-01-15 20:30:00+05:30,,2024-01-15-15.json.gz
34834865712,PushEvent,130866014,omor777,743532243,omor777/Travel-Website,2024-01-15 20:30:00+05:30,,2024-01-15-15.json.gz
34834865583,PushEvent,694745,rmayr,436041479,rmayr/rediffusion,2024-01-15 20:30:00+05:30,,2024-01-15-15.json.gz
34834865966,PushEvent,65457903,sehee0207,739423631,springvuet-front/frontend,2024-01-15 20:30:00+05:30,,2024-01-15-15.json.gz
34834865946,PushEvent,156349563,akinotaxe653,742982799,akinotaxe653/free-h4ck-fn,2024-01-15 20:30:00+05:30,,2024-01-15-15.json.gz
34834865533,PushEvent,156349563,akinotaxe653,743169532,akinotaxe653/frt-ch3at,2024-01-15 20:30:00+05:30,,2024-01-15-15.json.gz
34834865903,PushEvent,16675675,mkarmark,743589711,static-web-apps-testing-org/swa790150e4c2b6410ea62240d5a2647d5b,2024-01-15 20:30:00+05:30,,2024-01-15-15.json.gz
34834865783,PushEvent,10078698,mitza-oci,82592955,mitza-oci/dds-rtps,2024-01-15 20:30:00+05:30,,2024-01-15-15.json.gz
34834865575,PushEvent,156305854,inse2233tto,742126400,inse2233tto/Projcts2,2024-01-15 20:30:00+05:30,,2024-01-15-15.json.gz
34834865973,PushEvent,16675675,mkarmark,743587528,static-web-apps-testing-org/swac4e0cb942b3f4cc8a8519783f23bcf1b,2024-01-15 20:30:00+05:30,,2024-01-15-15.json.gz
34834865556,PushEvent,41898282,github-actions[bot],433182111,tyagoaw/tyagoaw,2024-01-15 20:30:00+05:30,,2024-01-15-15.json.gz
34834865801,PushEvent,97979094,github-shvabra,661751135,saby/android-sabycom,2024-01-15 20:30:00+05:30,,2024-01-15-15.json.gz
34834865625,WatchEvent,18696466,xuerunjia,13761875,greatghoul/remote-working,2024-01-15 20:30:00+05:30,started,2024-01-15-15.json.gz
34834865487,CreateEvent,49699333,dependabot[bot],223893722,dm-drogeriemarkt/lisa,2024-01-15 20:30:00+05:30,,2024-01-15-15.json.gz
34834865628,PushEvent,82764118,jatinkumarverma,739733989,jatinkumarverma/Machine-Learning,2024-01-15 20:30:00+05:30,,2024-01-15-15.json.gz
34834865909,PushEvent,154696684,rafhan59,743250123,rafhan59/b9a2-1520,2024-01-15 20:30:00+05:30,,2024-01-15-15.json.gz
34834865636,CreateEvent,49699333,dependabot[bot],743582337,dmitrycx/ghas-workshop,2024-01-15 20:30:00+05:30,,2024-01-15-15.json.gz
34834865639,PushEvent,142441807,ddl-galias,703026081,ddl-galias/testgpb,2024-01-15 20:30:00+05:30,,2024-01-15-15.json.gz
34834865921,IssueCommentEvent,41898282,github-actions[bot],51193526,cosmos/cosmos-sdk,2024-01-15 20:30:00+05:30,created,2024-01-15-15.json.gz
34834865982,PushEvent,140772158,codebjjung,676862672,codebjjung/ML-DL,2024-01-15 20:30:00+05:30,,2024-01-15-15.json.gz
34834866233,PullRequestReviewCommentEvent,10374360,davidebianchi,728209950,mia-platform/console-sdk,2024-01-15 20:30:00+05:30,created,2024-01-15-15.json.gz
34834865761,IssueCommentEvent,1889215,kinke,1257070,dlang/dmd,2024-01-15 20:30:00+05:30,created,2024-01-15-15.json.gz
34834865495,PublicEvent,141407752,oanhhnt,737799743,oanhhnt/long-code,2024-01-15 20:30:00+05:30,,2024-01-15-15.json.gz
34834865662,PushEvent,44116740,sampletext32,743589208,sampletext-hw/ml-boosting,2024-01-15 20:30:00+05:30,,2024-01-15-15.json.gz
34834865618,PushEvent,135948012,seungjaelee2684,741829979,whoistheking/front-end,2024-01-15 20:30:00+05:30,,2024-01-15-15.json.gz
34834865579,PushEvent,156306869,aiccac,743489813,fadsgxch34/frtns2,2024-01-15 20:30:00+05:30,,2024-01-15-15.json.gz
34834865828,DeleteEvent,41094,tschaub,539191946,planetlabs/maps,2024-01-15 20:30:00+05:30,,2024-01-15-15.json.gz
34834865954,MemberEvent,41929243,Bendomey,735122042,Bendomey/project-mfoni,2024-01-15 20:30:00+05:30,added,2024-01-15-15.json.gz
34834865894,PushEvent,93189092,Ruben-fg,740406310,gonzalorg8799/worst.gg,2024-01-15 20:30:00+05:30,,2024-01-15-15.json.gz
34834865488,PushEvent,118571769,abdelemjidessaid,741908301,abdelemjidessaid/alx-backend-python,2024-01-15 20:30:00+05:30,,2024-01-15-15.json.gz
34834865939,GollumEvent,14117486,G2Pavon,741258927,G2Pavon/goldsrcmap,2024-01-15 20:30:00+05:30,,2024-01-15-15.json.gz
34834865930,PushEvent,118344674,github-merge-queue[bot],204742393,shortlink-org/shortlink,2024-01-15 20:30:00+05:30,,2024-01-15-15.json.gz
34834865669,CreateEvent,129416058,rhtap-qe-bots,743589747,redhat-appstudio-qe/e2e-springboot-USHe5-view-admit,2024-01-15 20:30:00+05:30,,2024-01-15-15.json.gz
34834865836,PushEvent,5398375,tonnrueter,719178529,tonnrueter/remind,2024-01-15 20:30:00+05:30,,2024-01-15-15.json.gz
34834865940,CreateEvent,141417075,zanbuchanan,665519797,DataIntellectTech/TorQ-Amazon-FinSpace-Starter-Pack,2024-01-15 20:30:00+05:30,,2024-01-15-15.json.gz
34834865851,PushEvent,93336921,Adeniji-Rahmon-Olusegun,701051040,Adeniji-Rahmon-Olusegun/alx-low_level_programming,2024-01-15 20:30:00+05:30,,2024-01-15-15.json.gz
34834865544,ForkEvent,120119932,cd-github-g,232196250,reuven/python-workout,2024-01-15 20:30:00+05:30,,2024-01-15-15.json.gz
34834865571,CreateEvent,101199742,taptanhcoding,743589009,taptanhcoding/eCommerce,2024-01-15 20:30:00+05:30,,2024-01-15-15.json.gz
34834865805,DeleteEvent,33837158,HopsworksJenkins,112596043,HopsworksJenkins/kzookeeper,2024-01-15 20:30:00+05:30,,2024-01-15-15.json.gz
34834865604,PullRequestEvent,230859,rmbielby,513121000,dfe-analytical-services/attendance-data-dashboard,2024-01-15 20:30:00+05:30,closed,2024-01-15-15.json.gz
34834866273,PullRequestEvent,30536864,signcla-test-signed-indiv,408894306,google-test/signclav2-probe-repo,2024-01-15 20:30:01+05:30,closed,2024-01-15-15.json.gz
34834866229,WatchEvent,32562652,saltand,8262284,wa0x6e/cal-heatmap,2024-01-15 20:30:01+05:30,started,2024-01-15-15.json.gz
34834866074,CreateEvent,29139614,renovate[bot],699248995,jill64/cf2-builder,2024-01-15 20:30:01+05:30,,2024-01-15-15.json.gz
34834866401,PushEvent,82850873,LMAO-armv8,735914036,LMAO-armv8/kernel_samsung_r0q,2024-01-15 20:30:01+05:30,,2024-01-15-15.json.gz
34834866323,PushEvent,4643499,derwin12,440968144,derwin12/xLights,2024-01-15 20:30:01+05:30,,2024-01-15-15.json.gz
34834866236,PullRequestEvent,49699333,dependabot[bot],223893722,dm-drogeriemarkt/lisa,2024-01-15 20:30:01+05:30,opened,2024-01-15-15.json.gz
34834866068,PushEvent,9919163,cruzas,716010260,cruzas/ML_APTS,2024-01-15 20:30:01+05:30,,2024-01-15-15.json.gz
34834866384,CreateEvent,132718499,starB-08,743589597,starB-08/psyIndex,2024-01-15 20:30:01+05:30,,2024-01-15-15.json.gz
34834866196,PushEvent,16841643,foxthefox,701890419,foxthefox/ioBroker.ecoflow-mqtt,2024-01-15 20:30:01+05:30,,2024-01-15-15.json.gz
34834866220,PushEvent,156306159,ion561sdag,743129665,ion561sdag/Projcts16,2024-01-15 20:30:01+05:30,,2024-01-15-15.json.gz
34834866467,WatchEvent,16133320,clarkzsd,737898780,maybe-finance/maybe,2024-01-15 20:30:01+05:30,started,2024-01-15-15.json.gz
34834866349,CreateEvent,156683706,Solange-20,743589569,Solange-20/java-solange,2024-01-15 20:30:01+05:30,,2024-01-15-15.json.gz
34834866087,DeleteEvent,49699333,dependabot[bot],696773327,Hochfrequenz/bo4e-python-orm,2024-01-15 20:30:01+05:30,,2024-01-15-15.json.gz
34834866166,PushEvent,68292205,erikleisinger,660743867,erikleisinger/curling_nuxt,2024-01-15 20:30:01+05:30,,2024-01-15-15.json.gz
34834866392,CreateEvent,147289564,melyani05,743589757,melyani05/day100,2024-01-15 20:30:01+05:30,,2024-01-15-15.json.gz
34834866359,PushEvent,41969647,viniarski,743587737,viniarski/js_loops,2024-01-15 20:30:01+05:30,,2024-01-15-15.json.gz
34834866457,PushEvent,2252691,kkdai,742364859,kkdai/linebot-smart-namecard,2024-01-15 20:30:01+05:30,,2024-01-15-15.json.gz
34834866362,PullRequestEvent,96321462,wiringbits-bot,741080898,opensnowcat/opensnowcat-collector,2024-01-15 20:30:01+05:30,opened,2024-01-15-15.json.gz
34834866235,IssueCommentEvent,30536864,signcla-test-signed-indiv,408894306,google-test/signclav2-probe-repo,2024-01-15 20:30:01+05:30,created,2024-01-15-15.json.gz
34834866363,PushEvent,88516534,am-55-code,607405837,am-55-code/AzureServelessPersonalWebpage,2024-01-15 20:30:01+05:30,,2024-01-15-15.json.gz
34834866189,PushEvent,141351262,MichaelTim75,738454364,kartius/analytics,2024-01-15 20:30:01+05:30,,2024-01-15-15.json.gz
34834866207,PushEvent,75508558,gulkaktus,162317641,cognitedata/cognite-sdk-js,2024-01-15 20:30:01+05:30,,2024-01-15-15.json.gz
34834866094,PullRequestEvent,49699333,dependabot[bot],743582337,dmitrycx/ghas-workshop,2024-01-15 20:30:01+05:30,opened,2024-01-15-15.json.gz
34834866438,CreateEvent,17510621,SYaoJun,743588308,SYaoJun/XMake,2024-01-15 20:30:01+05:30,,2024-01-15-15.json.gz
34834866570,PullRequestReviewCommentEvent,222373,q66,374000317,chimera-linux/cports,2024-01-15 20:30:01+05:30,created,2024-01-15-15.json.gz
34834866181,CreateEvent,139683252,razilahamed,743588578,razilahamed/Employee_Attrition_Rate_3795_3807,2024-01-15 20:30:01+05:30,,2024-01-15-15.json.gz
34834866378,PushEvent,127834714,myths-zero,743588187,myths-zero/secure-time-sync,2024-01-15 20:30:01+05:30,,2024-01-15-15.json.gz
34834866106,CreateEvent,156314718,salah-attaria,743589425,salah-attaria/users,2024-01-15 20:30:01+05:30,,2024-01-15-15.json.gz
34834866065,PushEvent,70145119,richieskyler,730264102,richieskyler/Danny-s-Diner-SQL-Analysis,2024-01-15 20:30:01+05:30,,2024-01-15-15.json.gz
34834866439,CommitCommentEvent,35613825,vercel[bot],727373081,garyranoa/voting-app,2024-01-15 20:30:01+05:30,,2024-01-15-15.json.gz
34834866296,PushEvent,82850873,LMAO-armv8,735914036,LMAO-armv8/kernel_samsung_r0q,2024-01-15 20:30:01+05:30,,2024-01-15-15.json.gz
34834866449,IssueCommentEvent,35613825,vercel[bot],631049227,mason-org/public-web,2024-01-15 20:30:01+05:30,created,2024-01-15-15.json.gz
34834866140,PushEvent,114906391,la-tribu-pusher,544353788,Risk-DAO/simulation-results,2024-01-15 20:30:01+05:30,,2024-01-15-15.json.gz
34836246503,PullRequestReviewCommentEvent,61245998,antoniofilipovic,297302063,memgraph/memgraph,2024-01-15 20:30:01+05:30,created,2024-01-15-15.json.gz
34834866456,PushEvent,41930943,jurikri,741755686,jurikri/webhosting,2024-01-15 20:30:01+05:30,,2024-01-15-15.json.gz
34834866408,PushEvent,48446617,jwwsjlm,743587087,jwwsjlm/wails_test,2024-01-15 20:30:01+05:30,,2024-01-15-15.json.gz
34834866289,PushEvent,156306034,oss333ulf,742252389,oss333ulf/Projcts9,2024-01-15 20:30:01+05:30,,2024-01-15-15.json.gz
34834866038,PublicEvent,128048526,wrappid,614826839,wrappid/styles,2024-01-15 20:30:01+05:30,,2024-01-15-15.json.gz
34834866468,CreateEvent,75563745,LiudmylaMasliuk,681123558,mediaopt/paypal-commercetools-connector,2024-01-15 20:30:01+05:30,,2024-01-15-15.json.gz
34834866192,CreateEvent,133584461,MirasSarsen,741342603,DJ-Java-Team/youmiteru-frontend,2024-01-15 20:30:01+05:30,,2024-01-15-15.json.gz
34834866446,PushEvent,509058,alexsnaps,659271127,Kuadrant/docs.kuadrant.io,2024-01-15 20:30:01+05:30,,2024-01-15-15.json.gz
34834866114,PushEvent,230859,rmbielby,513121000,dfe-analytical-services/attendance-data-dashboard,2024-01-15 20:30:01+05:30,,2024-01-15-15.json.gz
34834866480,WatchEvent,145777017,gsilva98,65221515,alexedwards/scs,2024-01-15 20:30:01+05:30,started,2024-01-15-15.json.gz
34834866377,PushEvent,35959493,maxenceyrowah,736428309,maxenceyrowah/supabase-angular-app,2024-01-15 20:30:01+05:30,,2024-01-15-15.json.gz
34834866110,PushEvent,16675675,mkarmark,743589711,static-web-apps-testing-org/swa790150e4c2b6410ea62240d5a2647d5b,2024-01-15 20:30:01+05:30,,2024-01-15-15.json.gz
34834866052,PullRequestEvent,606713,sdudzin,739312721,sdudzin/play-logback-access,2024-01-15 20:30:01+05:30,closed,2024-01-15-15.json.gz
34834866263,PushEvent,16675675,mkarmark,743589711,static-web-apps-testing-org/swa790150e4c2b6410ea62240d5a2647d5b,2024-01-15 20:30:01+05:30,,2024-01-15-15.json.gz
34834866267,PushEvent,156305854,inse2233tto,742126400,inse2233tto/Projcts2,2024-01-15 20:30:01+05:30,,2024-01-15-15.json.gz
34834866381,PullRequestEvent,6715610,VentusMego,641284539,ExploreNYM/bash-tool,2024-01-15 20:30:01+05:30,opened,2024-01-15-15.json.gz
34834866193,PushEvent,156305854,inse2233tto,742126508,inse2233tto/Projcts6,2024-01-15 20:30:01+05:30,,2024-01-15-15.json.gz
34834866159,IssueCommentEvent,39514782,sonarcloud[bot],170166524,InseeFr/Lunatic-Model,2024-01-15 20:30:01+05:30,created,2024-01-15-15.json.gz
34834866360,PushEvent,41898282,github-actions[bot],478392018,kherrick/hacker-news,2024-01-15 20:30:01+05:30,,2024-01-15-15.json.gz
34834866180,PushEvent,5745711,devetude,70114524,devetude/BOJ-PS,2024-01-15 20:30:01+05:30,,2024-01-15-15.json.gz
34834866407,PushEvent,16675675,mkarmark,743589711,static-web-apps-testing-org/swa790150e4c2b6410ea62240d5a2647d5b,2024-01-15 20:30:01+05:30,,2024-01-15-15.json.gz
34834866416,PushEvent,37964423,lukacan,425896296,Ackee-Blockchain/trdelnik,2024-01-15 20:30:01+05:30,,2024-01-15-15.json.gz
34834866184,PushEvent,156306159,ion561sdag,743129611,ion561sdag/Projcts14,2024-01-15 20:30:01+05:30,,2024-01-15-15.json.gz
34834866103,PushEvent,111981164,Lunfeer,733481193,GDbateaux/ScalaSnake,2024-01-15 20:30:01+05:30,,2024-01-15-15.json.gz
34834866217,PushEvent,25183001,glozow,287849489,glozow/bitcoin-notes,2024-01-15 20:30:01+05:30,,2024-01-15-15.json.gz
34834866190,PushEvent,104212352,Jamal-SaadEddin,714362943,Jamal-SaadEddin/LetsGraduate_Web,2024-01-15 20:30:01+05:30,,2024-01-15-15.json.gz
34834866379,DeleteEvent,56999674,RobertJoonas,160427405,plausible/analytics,2024-01-15 20:30:01+05:30,,2024-01-15-15.json.gz
34834866092,PullRequestEvent,57766007,kevinofficer,596575938,PA-NIHR-CRN/frf-web,2024-01-15 20:30:01+05:30,closed,2024-01-15-15.json.gz
34834866132,PushEvent,41898282,github-actions[bot],578953818,LinX64/CoinCap,2024-01-15 20:30:01+05:30,,2024-01-15-15.json.gz
34834866194,PushEvent,156305854,inse2233tto,742126541,inse2233tto/Projcts7,2024-01-15 20:30:01+05:30,,2024-01-15-15.json.gz
34834866262,PullRequestEvent,35352649,creativeyann17,281212171,Ferlab-Ste-Justine/clin-variant-etl,2024-01-15 20:30:01+05:30,closed,2024-01-15-15.json.gz
34834866198,PushEvent,694745,rmayr,436041479,rmayr/rediffusion,2024-01-15 20:30:01+05:30,,2024-01-15-15.json.gz
34834866128,CreateEvent,99490674,redhat-appstudio-qe-bot,743589650,redhat-appstudio-qe/mc-golang-without-ByxUN-beat-fail,2024-01-15 20:30:01+05:30,,2024-01-15-15.json.gz
34834866257,PushEvent,156306159,ion561sdag,743129720,ion561sdag/Projcts18,2024-01-15 20:30:01+05:30,,2024-01-15-15.json.gz
34834866659,CommitCommentEvent,35613825,vercel[bot],646818137,etheralpha/validatorqueue-com,2024-01-15 20:30:01+05:30,,2024-01-15-15.json.gz
34834866118,PushEvent,128106669,Soumya-Chakraborty,737461633,Soumya-Chakraborty/AVL-Tree,2024-01-15 20:30:01+05:30,,2024-01-15-15.json.gz
34834866422,DeleteEvent,133584461,MirasSarsen,741342603,DJ-Java-Team/youmiteru-frontend,2024-01-15 20:30:01+05:30,,2024-01-15-15.json.gz
34834866364,PushEvent,156306034,oss333ulf,742252406,oss333ulf/Projcts10,2024-01-15 20:30:01+05:30,,2024-01-15-15.json.gz
34834866404,PushEvent,156305854,inse2233tto,742126368,inse2233tto/Projcts1,2024-01-15 20:30:01+05:30,,2024-01-15-15.json.gz
34834866049,PullRequestEvent,29139614,renovate[bot],631049227,mason-org/public-web,2024-01-15 20:30:01+05:30,opened,2024-01-15-15.json.gz
34834866164,PushEvent,76970935,xiaoandy1974,326797979,xiaoandy1974/test,2024-01-15 20:30:01+05:30,,2024-01-15-15.json.gz
34834866104,WatchEvent,20467517,gz7seven,634472969,YongChen-Exact/TC-CoNet,2024-01-15 20:30:01+05:30,started,2024-01-15-15.json.gz
34834866410,PushEvent,72137340,mokainos,172700355,hmcts/cnp-flux-config,2024-01-15 20:30:01+05:30,,2024-01-15-15.json.gz
34834866351,PushEvent,124712609,matmizuno,718890633,matmizuno/matmizuno,2024-01-15 20:30:01+05:30,,2024-01-15-15.json.gz
34834866200,CreateEvent,141561252,manalmulla,743589754,manalmulla/JAVA,2024-01-15 20:30:01+05:30,,2024-01-15-15.json.gz
34834866313,PushEvent,79674766,shionpark,673247224,shionpark/Algorithm,2024-01-15 20:30:01+05:30,,2024-01-15-15.json.gz
34834866199,PushEvent,156306869,aiccac,743489813,fadsgxch34/frtns2,2024-01-15 20:30:01+05:30,,2024-01-15-15.json.gz
34834866201,PushEvent,143355470,MDDakki,742832263,MDDakki/React-E-Commerce,2024-01-15 20:30:01+05:30,,2024-01-15-15.json.gz
34834866327,DeleteEvent,118344674,github-merge-queue[bot],204742393,shortlink-org/shortlink,2024-01-15 20:30:01+05:30,,2024-01-15-15.json.gz
34834866213,PushEvent,9448417,markshannon,350489636,faster-cpython/cpython,2024-01-15 20:30:01+05:30,,2024-01-15-15.json.gz
34834866134,PullRequestReviewEvent,10374360,davidebianchi,728209950,mia-platform/console-sdk,2024-01-15 20:30:01+05:30,created,2024-01-15-15.json.gz
34834866372,WatchEvent,2528880,JadeGeek,733465661,joaomdmoura/crewAI-examples,2024-01-15 20:30:01+05:30,started,2024-01-15-15.json.gz
34834866232,PushEvent,156305854,inse2233tto,742126484,inse2233tto/Projcts5,2024-01-15 20:30:01+05:30,,2024-01-15-15.json.gz
34834866366,PushEvent,153940760,mdmaid69,732717980,mdmaid69/reimagined-giggle,2024-01-15 20:30:01+05:30,,2024-01-15-15.json.gz
34834866399,PushEvent,68813896,DoctorRon64,733902452,DoctorRon64/Project-hybrid-Callcenterchaos,2024-01-15 20:30:01+05:30,,2024-01-15-15.json.gz
34834866398,PushEvent,4104715,jfdenise,686912847,jfdenise/wildfly-glow,2024-01-15 20:30:01+05:30,,2024-01-15-15.json.gz
34834866062,PushEvent,153288211,adyadas,743589286,adyadas/To-DOListApp,2024-01-15 20:30:01+05:30,,2024-01-15-15.json.gz
34834866099,PullRequestEvent,2252691,kkdai,742364859,kkdai/linebot-smart-namecard,2024-01-15 20:30:01+05:30,closed,2024-01-15-15.json.gz
34834866493,CommitCommentEvent,35613825,vercel[bot],705735683,odas01/nike_store,2024-01-15 20:30:01+05:30,,2024-01-15-15.json.gz
34834866837,CreateEvent,543337,mrain,436346761,EspressoSystems/HotShot,2024-01-15 20:30:02+05:30,,2024-01-15-15.json.gz
34834866620,ReleaseEvent,76980034,Mcpezht,743588469,Mcpezht/CompleteSuicideManual-Full,2024-01-15 20:30:02+05:30,published,2024-01-15-15.json.gz
34834866648,PushEvent,41898282,github-actions[bot],610797786,HyakHK/HyakHK,2024-01-15 20:30:02+05:30,,2024-01-15-15.json.gz
34834866734,PushEvent,110676789,emrekaanusta,743586995,emrekaanusta/WeepDeb,2024-01-15 20:30:02+05:30,,2024-01-15-15.json.gz
34834866552,PushEvent,156306159,ion561sdag,743129611,ion561sdag/Projcts14,2024-01-15 20:30:02+05:30,,2024-01-15-15.json.gz
34834866721,CreateEvent,10202888,threeal,384440547,threeal/threeal,2024-01-15 20:30:02+05:30,,2024-01-15-15.json.gz
34834866544,PushEvent,156305854,inse2233tto,742126572,inse2233tto/Projcts8,2024-01-15 20:30:02+05:30,,2024-01-15-15.json.gz
34834866803,PushEvent,13872542,argiegaviola17,743175199,argiegaviola17/argie_profile,2024-01-15 20:30:02+05:30,,2024-01-15-15.json.gz
34834866860,IssueCommentEvent,68996058,bhombot-ci[bot],121651483,BHoM/Lusas_Toolkit,2024-01-15 20:30:02+05:30,created,2024-01-15-15.json.gz
34834866776,DeleteEvent,42002839,Tminor7,743528930,Tminor7/image-processing-playground,2024-01-15 20:30:02+05:30,,2024-01-15-15.json.gz
34834866603,PullRequestEvent,148852131,openshift-merge-bot[bot],49904068,openshift/kubernetes,2024-01-15 20:30:02+05:30,closed,2024-01-15-15.json.gz
34834866874,IssueCommentEvent,2648655,descorp,419645479,Adyen/adyen-react-native,2024-01-15 20:30:02+05:30,created,2024-01-15-15.json.gz
34834866846,PushEvent,156306159,ion561sdag,743129665,ion561sdag/Projcts16,2024-01-15 20:30:02+05:30,,2024-01-15-15.json.gz
34834866551,PushEvent,156306159,ion561sdag,743129530,ion561sdag/Projcts11,2024-01-15 20:30:02+05:30,,2024-01-15-15.json.gz
34834866836,PushEvent,46391642,ssaje,729383509,ssaje/LeetCode,2024-01-15 20:30:02+05:30,,2024-01-15-15.json.gz
34834866637,PushEvent,32210953,kang-sw,606331418,kang-sw/rpc-it-rs,2024-01-15 20:30:02+05:30,,2024-01-15-15.json.gz
34834866633,CreateEvent,88985382,pcbennett108,743589251,pcbennett108/sweater-weather,2024-01-15 20:30:02+05:30,,2024-01-15-15.json.gz
34834866738,PushEvent,1511906,sulco,742783442,sulco/sulco.dev,2024-01-15 20:30:02+05:30,,2024-01-15-15.json.gz
34834866527,PushEvent,156306159,ion561sdag,743129585,ion561sdag/Projcts13,2024-01-15 20:30:02+05:30,,2024-01-15-15.json.gz
34834866754,CreateEvent,99490674,redhat-appstudio-qe-bot,743589682,redhat-appstudio-qe/private-devfile-Q69Ng-spread-try,2024-01-15 20:30:02+05:30,,2024-01-15-15.json.gz
34834866607,PushEvent,140255729,DooMCoT1999,669507278,Environment-Studios-Official/MDooM,2024-01-15 20:30:02+05:30,,2024-01-15-15.json.gz
